Workbook

Sheet Merchant Tracker
A1: BakiBondhu — Phase 0 Merchant Tracker
A2: Log one row per merchant, right after you walk away. Aim for 20–30. Fill the yellow cells. Use the dropdowns in the last three grey columns so the Summary tab can count them.
A3: LEGEND: Yellow = you fill in · Row 5 is a filled-in EXAMPLE (delete it or overwrite) · Signal drives the Summary tab → decide your wedge
A4: # | B4: Date | C4: Merchant / Shop name | D4: Vertical (shop type) | E4: Location / market | F4: Phone | G4: Current system | H4: Credit cust/wk | I4: Total baki (৳) | J4: Monthly loss (৳) | K4: Biggest pain (their words) | L4: Tried an app? Why quit? | M4: Spends on collection? | N4: Follow-up? | O4: Signal | P4: Notes
A5: EX | B5: 6 Sep | C5: Karim Store (grocery) | D5: Grocery / kirana | E5: Mirpur 10 bazar | F5: 01XXXXXXXXX | G5: Paper khata | H5: 25 | I5: 45000 | J5: 8000 | K5: Bhule jai ke koto baki — ar cheye asojhko lage taka chaite | L5: TallyKhata — 'bujhi na, English beshi' | M5: Y | N5: Y | O5: Build | P5: Very keen; asked when ready. Referred 2 wholesalers.
A6: 1
A7: 2
A8: 3
A9: 4
A10: 5
A11: 6
A12: 7
A13: 8
A14: 9
A15: 10
A16: 11
A17: 12
... A35: 30

Sheet Summary
B1: Phase 0 — Patterns at a glance
B2: Auto-fills from the Merchant Tracker tab as you log interviews.
B4: PROGRESS
B5: Interviews logged | C5: =COUNTA('Merchant Tracker'!$C$6:$C$35)
B6: Build signals | C6: =COUNTIF('Merchant Tracker'!$O$6:$O$35,"Build")
B7: Maybe signals | C7: =COUNTIF('Merchant Tracker'!$O$6:$O$35,"Maybe")
B8: Pivot signals | C8: =COUNTIF('Merchant Tracker'!$O$6:$O$35,"Pivot")
B9: Willing to be shown again | C9: =COUNTIF('Merchant Tracker'!$N$6:$N$35,"Y")
B10: Already spend on collection | C10: =COUNTIF('Merchant Tracker'!$M$6:$M$35,"Y")
B12: THE MONEY (the size of the pain)
B13: Avg. baki outstanding | C13: =IFERROR(AVERAGE('Merchant Tracker'!$I$6:$I$35),0)
B14: Avg. monthly loss / bad debt | C14: =IFERROR(AVERAGE('Merchant Tracker'!$J$6:$J$35),0)
B15: Largest monthly loss seen | C15: =IFERROR(MAX('Merchant Tracker'!$J$6:$J$35),0)
B16: Total monthly loss across all | C16: =IFERROR(SUM('Merchant Tracker'!$J$6:$J$35),0)
B18: BY VERTICAL — find your wedge
B19: Type each shop type you saw; counts + avg loss update automatically. Pick the one with the most pain + willingness.
B20: Vertical (type here) | C20: # seen | D20: Avg monthly loss
C21: =IF($B21="","",COUNTIF('Merchant Tracker'!$D$6:$D$35,$B21)) | D21: =IF($B21="","",IFERROR(AVERAGEIF('Merchant Tracker'!$D$6:$D$35,$B21,'Merchant Tracker'!$J$6:$J$35),0))
C22: =IF($B22="","",COUNTIF('Merchant Tracker'!$D$6:$D$35,$B22)) | D22: =IF($B22="","",IFERROR(AVERAGEIF('Merchant Tracker'!$D$6:$D$35,$B22,'Merchant Tracker'!$J$6:$J$35),0))
C23: =IF($B23="","",COUNTIF('Merchant Tracker'!$D$6:$D$35,$B23)) | D23: =IF($B23="","",IFERROR(AVERAGEIF('Merchant Tracker'!$D$6:$D$35,$B23,'Merchant Tracker'!$J$6:$J$35),0))
C24: =IF($B24="","",COUNTIF('Merchant Tracker'!$D$6:$D$35,$B24)) | D24: =IF($B24="","",IFERROR(AVERAGEIF('Merchant Tracker'!$D$6:$D$35,$B24,'Merchant Tracker'!$J$6:$J$35),0))
C25: =IF($B25="","",COUNTIF('Merchant Tracker'!$D$6:$D$35,$B25)) | D25: =IF($B25="","",IFERROR(AVERAGEIF('Merchant Tracker'!$D$6:$D$35,$B25,'Merchant Tracker'!$J$6:$J$35),0))
C26: =IF($B26="","",COUNTIF('Merchant Tracker'!$D$6:$D$35,$B26)) | D26: =IF($B26="","",IFERROR(AVERAGEIF('Merchant Tracker'!$D$6:$D$35,$B26,'Merchant Tracker'!$J$6:$J$35),0))
C27: =IF($B27="","",COUNTIF('Merchant Tracker'!$D$6:$D$35,$B27)) | D27: =IF($B27="","",IFERROR(AVERAGEIF('Merchant Tracker'!$D$6:$D$35,$B27,'Merchant Tracker'!$J$6:$J$35),0))
B29: → Go / no-go: if Build signals are few and amounts are small, pivot the vertical or the feature before you write code.
